Node,Period,Converter invested capacity [MW],Converter total capacity [MW]
EnergyhubEU,2020-2025,0.04717116005585607,0.04717116005585607
EnergyhubEU,2025-2030,0.008905360776692541,0.056076450832495205
EnergyhubEU,2030-2035,59086.66375864068,59086.71990013169
EnergyhubEU,2035-2040,2818.5198578277896,61905.239757998555
EnergyhubEU,2040-2045,28413.086006151672,90318.32577162376
EnergyhubEU,2045-2050,4.348663214307204e-05,90318.32581369371
EnergyhubEU,2050-2055,1.9768358284107002e-06,90318.32581893826
EnergyhubEU,2055-2060,1.8268822394490129e-06,90318.3258192212
