Node,Period,Converter invested capacity [MW],Converter total capacity [MW]
EnergyhubCentral,2020-2025,0.07201815526082882,0.07201815526082882
EnergyhubCentral,2025-2030,0.012774547365105481,0.08479263567426604
EnergyhubCentral,2030-2035,57859.06156242276,57859.14634938136
EnergyhubCentral,2035-2040,4139.528820841957,61998.675170158735
EnergyhubCentral,2040-2045,30017.085222593123,92015.76039597682
EnergyhubCentral,2045-2050,0.00017090221761246097,92015.76055810665
EnergyhubCentral,2050-2055,2.7206125136488842e-06,92015.76056455808
EnergyhubCentral,2055-2060,2.9642704114684648e-06,92015.76056756722
