Node,Period,Converter invested capacity [MW],Converter total capacity [MW]
EnergyhubNorth,2020-2025,0.10045260150637675,0.10045260150637675
EnergyhubNorth,2025-2030,0.017728579983382717,0.1181810016851497
EnergyhubNorth,2030-2035,28800.252426953964,28800.37060848883
EnergyhubNorth,2035-2040,30914.99568568392,59715.36629384034
EnergyhubNorth,2040-2045,26072.673183543546,85788.03947812063
EnergyhubNorth,2045-2050,0.0003137266079612325,85788.03979164283
EnergyhubNorth,2050-2055,4.286362299297127e-06,85788.03978499553
EnergyhubNorth,2055-2060,4.601684751756574e-06,85788.03979944141
